{
  "data": [
    [
      [
        1,
        null,
        0
      ],
      [
        0.007072276312194203,
        0.28819823265075684,
        {
          "__enum__": "StatusType.SUCCESS"
        },
        {
          "info": 0.007072276312194203,
          "timestamps": {
            "submitted": 10.10796070098877,
            "started": 10.10796070098877,
            "finished": 10.396158933639526
          }
        }
      ]
    ],
    [
      [
        2,
        null,
        0
      ],
      [
        0.008245232910147893,
        0.3462378978729248,
        {
          "__enum__": "StatusType.SUCCESS"
        },
        {
          "info": 0.008245232910147893,
          "timestamps": {
            "submitted": 10.398160696029663,
            "started": 10.398160696029663,
            "finished": 10.744398593902588
          }
        }
      ]
    ],
    [
      [
        3,
        null,
        0
      ],
      [
        0.00832476348313771,
        0.27118611335754395,
        {
          "__enum__": "StatusType.SUCCESS"
        },
        {
          "info": 0.00832476348313771,
          "timestamps": {
            "submitted": 10.746401309967041,
            "started": 10.746401309967041,
            "finished": 11.017587423324585
          }
        }
      ]
    ],
    [
      [
        4,
        null,
        0
      ],
      [
        0.00733635083906492,
        0.299560546875,
        {
          "__enum__": "StatusType.SUCCESS"
        },
        {
          "info": 0.00733635083906492,
          "timestamps": {
            "submitted": 15.627063274383545,
            "started": 15.627063274383545,
            "finished": 15.926623821258545
          }
        }
      ]
    ],
    [
      [
        5,
        null,
        0
      ],
      [
        0.007888656449679843,
        0.3177661895751953,
        {
          "__enum__": "StatusType.SUCCESS"
        },
        {
          "info": 0.007888656449679843,
          "timestamps": {
            "submitted": 15.926623821258545,
            "started": 15.926623821258545,
            "finished": 16.24439001083374
          }
        }
      ]
    ],
    [
      [
        6,
        null,
        0
      ],
      [
        0.008328567927126329,
        0.23716282844543457,
        {
          "__enum__": "StatusType.SUCCESS"
        },
        {
          "info": 0.008328567927126329,
          "timestamps": {
            "submitted": 16.247391939163208,
            "started": 16.247391939163208,
            "finished": 16.484554767608643
          }
        }
      ]
    ],
    [
      [
        7,
        null,
        0
      ],
      [
        0.013144972714912995,
        0.5865788459777832,
        {
          "__enum__": "StatusType.SUCCESS"
        },
        {
          "info": 0.013144972714912995,
          "timestamps": {
            "submitted": 16.981898546218872,
            "started": 16.981898546218872,
            "finished": 17.568477392196655
          }
        }
      ]
    ],
    [
      [
        8,
        null,
        0
      ],
      [
        0.009914774207987032,
        0.42129063606262207,
        {
          "__enum__": "StatusType.SUCCESS"
        },
        {
          "info": 0.009914774207987032,
          "timestamps": {
            "submitted": 17.719423294067383,
            "started": 17.719423294067383,
            "finished": 18.140713930130005
          }
        }
      ]
    ],
    [
      [
        9,
        null,
        0
      ],
      [
        0.018445542860961006,
        0.1981360912322998,
        {
          "__enum__": "StatusType.SUCCESS"
        },
        {
          "info": 0.018445542860961006,
          "timestamps": {
            "submitted": 18.146718502044678,
            "started": 18.146718502044678,
            "finished": 18.344854593276978
          }
        }
      ]
    ],
    [
      [
        10,
        null,
        0
      ],
      [
        0.012260500703620614,
        0.3092770576477051,
        {
          "__enum__": "StatusType.SUCCESS"
        },
        {
          "info": 0.012260500703620614,
          "timestamps": {
            "submitted": 18.501176357269287,
            "started": 18.501176357269287,
            "finished": 18.810453414916992
          }
        }
      ]
    ],
    [
      [
        11,
        null,
        0
      ],
      [
        0.00915038095958065,
        0.2657644748687744,
        {
          "__enum__": "StatusType.SUCCESS"
        },
        {
          "info": 0.00915038095958065,
          "timestamps": {
            "submitted": 18.810453414916992,
            "started": 18.810453414916992,
            "finished": 19.076217889785767
          }
        }
      ]
    ],
    [
      [
        12,
        null,
        0
      ],
      [
        0.008005435053947352,
        0.30242490768432617,
        {
          "__enum__": "StatusType.SUCCESS"
        },
        {
          "info": 0.008005435053947352,
          "timestamps": {
            "submitted": 19.091843366622925,
            "started": 19.091843366622925,
            "finished": 19.39426827430725
          }
        }
      ]
    ]
  ],
  "config_origins": {
    "1": "Random",
    "2": "Random",
    "3": "Random",
    "4": "Random",
    "5": "Model based pick",
    "6": "Random",
    "7": "Model based pick",
    "8": "Model based pick",
    "9": "Random",
    "10": "Model based pick",
    "11": "Random",
    "12": "Random"
  },
  "configs": {
    "1": {
      "bagging_fraction": 0.681699250740779,
      "bagging_freq": 4,
      "feature_fraction": 0.6776155494024134,
      "lambda_l1": 0.3827811844796578,
      "lambda_l2": 0.5834950575794121,
      "max_bin": 47,
      "max_depth": 7,
      "min_data_in_leaf": 8,
      "min_gain_to_split": 0.31429979846811895,
      "num_leaves": 33
    },
    "2": {
      "bagging_fraction": 0.5221964576678133,
      "bagging_freq": 32,
      "feature_fraction": 0.4323693493328302,
      "lambda_l1": 0.08234306849742157,
      "lambda_l2": 0.21855541328389638,
      "max_bin": 42,
      "max_depth": 5,
      "min_data_in_leaf": 6,
      "min_gain_to_split": 0.043721157163645885,
      "num_leaves": 30
    },
    "3": {
      "bagging_fraction": 0.3157693873848698,
      "bagging_freq": 6,
      "feature_fraction": 0.3698716426995836,
      "lambda_l1": 0.23358351192622295,
      "lambda_l2": 0.8453179928918076,
      "max_bin": 13,
      "max_depth": 5,
      "min_data_in_leaf": 5,
      "min_gain_to_split": 0.15343580807149304,
      "num_leaves": 32
    },
    "4": {
      "bagging_fraction": 0.733114570860036,
      "bagging_freq": 22,
      "feature_fraction": 0.3107932664820686,
      "lambda_l1": 0.12726551515713536,
      "lambda_l2": 0.06874330680758156,
      "max_bin": 10,
      "max_depth": 8,
      "min_data_in_leaf": 7,
      "min_gain_to_split": 0.06700186538542086,
      "num_leaves": 40
    },
    "5": {
      "bagging_fraction": 0.8607918943030478,
      "bagging_freq": 9,
      "feature_fraction": 0.6097704228623255,
      "lambda_l1": 0.032976685208473605,
      "lambda_l2": 0.5381854094403611,
      "max_bin": 21,
      "max_depth": 3,
      "min_data_in_leaf": 3,
      "min_gain_to_split": 0.18077806025843804,
      "num_leaves": 35
    },
    "6": {
      "bagging_fraction": 0.8331729623794852,
      "bagging_freq": 8,
      "feature_fraction": 0.22809062959985882,
      "lambda_l1": 0.3178923927059837,
      "lambda_l2": 0.6917012987160862,
      "max_bin": 46,
      "max_depth": 4,
      "min_data_in_leaf": 7,
      "min_gain_to_split": 0.46685488416630416,
      "num_leaves": 10
    },
    "7": {
      "bagging_fraction": 0.9454317118120739,
      "bagging_freq": 43,
      "feature_fraction": 0.8532783960193198,
      "lambda_l1": 0.14672860049751524,
      "lambda_l2": 0.6258506941931553,
      "max_bin": 17,
      "max_depth": 5,
      "min_data_in_leaf": 1,
      "min_gain_to_split": 0.005589252364320722,
      "num_leaves": 12
    },
    "8": {
      "bagging_fraction": 0.7652562864898553,
      "bagging_freq": 7,
      "feature_fraction": 0.8268734266604445,
      "lambda_l1": 0.2050032282942529,
      "lambda_l2": 0.645767125973796,
      "max_bin": 46,
      "max_depth": 7,
      "min_data_in_leaf": 3,
      "min_gain_to_split": 0.10469706578153798,
      "num_leaves": 49
    },
    "9": {
      "bagging_fraction": 0.19787618542234087,
      "bagging_freq": 43,
      "feature_fraction": 0.40178647579484805,
      "lambda_l1": 0.2750929293207989,
      "lambda_l2": 0.7378014087925101,
      "max_bin": 4,
      "max_depth": 8,
      "min_data_in_leaf": 8,
      "min_gain_to_split": 0.49418163081175515,
      "num_leaves": 14
    },
    "10": {
      "bagging_fraction": 0.4257402345641225,
      "bagging_freq": 39,
      "feature_fraction": 0.5146685936789993,
      "lambda_l1": 0.14121649660831034,
      "lambda_l2": 0.09205530601548251,
      "max_bin": 47,
      "max_depth": 5,
      "min_data_in_leaf": 7,
      "min_gain_to_split": 0.07783760852659688,
      "num_leaves": 43
    },
    "11": {
      "bagging_fraction": 0.47028217101791325,
      "bagging_freq": 1,
      "feature_fraction": 0.5496746832089243,
      "lambda_l1": 0.28793851724123787,
      "lambda_l2": 0.7679624995200937,
      "max_bin": 43,
      "max_depth": 7,
      "min_data_in_leaf": 8,
      "min_gain_to_split": 0.3816306456370563,
      "num_leaves": 8
    },
    "12": {
      "bagging_fraction": 0.7731228389751471,
      "bagging_freq": 2,
      "feature_fraction": 0.5932136793457866,
      "lambda_l1": 0.2977950257756704,
      "lambda_l2": 0.20856311750950618,
      "max_bin": 28,
      "max_depth": 5,
      "min_data_in_leaf": 7,
      "min_gain_to_split": 0.12341770424206167,
      "num_leaves": 23
    }
  }
}