{
  "data": [
    [
      [
        1,
        null,
        0
      ],
      [
        0.016394417783042292,
        0.2241525650024414,
        {
          "__enum__": "StatusType.SUCCESS"
        },
        {
          "info": 0.016394417783042292,
          "timestamps": {
            "submitted": 0.0,
            "started": 0.0,
            "finished": 0.2241525650024414
          }
        }
      ]
    ],
    [
      [
        2,
        null,
        0
      ],
      [
        0.009858933934832392,
        0.29019975662231445,
        {
          "__enum__": "StatusType.SUCCESS"
        },
        {
          "info": 0.009858933934832392,
          "timestamps": {
            "submitted": 0.23516058921813965,
            "started": 0.23516058921813965,
            "finished": 0.5253603458404541
          }
        }
      ]
    ],
    [
      [
        3,
        null,
        0
      ],
      [
        0.009994929866774305,
        0.28119421005249023,
        {
          "__enum__": "StatusType.SUCCESS"
        },
        {
          "info": 0.009994929866774305,
          "timestamps": {
            "submitted": 0.5313644409179688,
            "started": 0.5313644409179688,
            "finished": 0.812558650970459
          }
        }
      ]
    ],
    [
      [
        4,
        null,
        0
      ],
      [
        0.011782463702926571,
        0.20313787460327148,
        {
          "__enum__": "StatusType.SUCCESS"
        },
        {
          "info": 0.011782463702926571,
          "timestamps": {
            "submitted": 0.8195650577545166,
            "started": 0.8195650577545166,
            "finished": 1.022702932357788
          }
        }
      ]
    ],
    [
      [
        5,
        null,
        0
      ],
      [
        0.007072276312194203,
        0.28819894790649414,
        {
          "__enum__": "StatusType.SUCCESS"
        },
        {
          "info": 0.007072276312194203,
          "timestamps": {
            "submitted": 1.029707670211792,
            "started": 1.029707670211792,
            "finished": 1.3179066181182861
          }
        }
      ]
    ],
    [
      [
        6,
        null,
        0
      ],
      [
        0.011268137155760138,
        0.24416828155517578,
        {
          "__enum__": "StatusType.SUCCESS"
        },
        {
          "info": 0.011268137155760138,
          "timestamps": {
            "submitted": 1.3239102363586426,
            "started": 1.3239102363586426,
            "finished": 1.5680785179138184
          }
        }
      ]
    ],
    [
      [
        7,
        null,
        0
      ],
      [
        0.011818225683313699,
        0.18112611770629883,
        {
          "__enum__": "StatusType.SUCCESS"
        },
        {
          "info": 0.011818225683313699,
          "timestamps": {
            "submitted": 1.574082374572754,
            "started": 1.574082374572754,
            "finished": 1.7552084922790527
          }
        }
      ]
    ],
    [
      [
        8,
        null,
        0
      ],
      [
        0.01042612707519075,
        0.19513440132141113,
        {
          "__enum__": "StatusType.SUCCESS"
        },
        {
          "info": 0.01042612707519075,
          "timestamps": {
            "submitted": 1.7622122764587402,
            "started": 1.7622122764587402,
            "finished": 1.9573466777801514
          }
        }
      ]
    ],
    [
      [
        9,
        null,
        0
      ],
      [
        0.03117942322061107,
        0.20414185523986816,
        {
          "__enum__": "StatusType.SUCCESS"
        },
        {
          "info": 0.03117942322061107,
          "timestamps": {
            "submitted": 1.963350772857666,
            "started": 1.963350772857666,
            "finished": 2.167492628097534
          }
        }
      ]
    ],
    [
      [
        10,
        null,
        0
      ],
      [
        0.01113305951780208,
        0.23616385459899902,
        {
          "__enum__": "StatusType.SUCCESS"
        },
        {
          "info": 0.01113305951780208,
          "timestamps": {
            "submitted": 2.173495292663574,
            "started": 2.173495292663574,
            "finished": 2.4096591472625732
          }
        }
      ]
    ],
    [
      [
        11,
        null,
        0
      ],
      [
        0.011323395140558135,
        0.23816394805908203,
        {
          "__enum__": "StatusType.SUCCESS"
        },
        {
          "info": 0.011323395140558135,
          "timestamps": {
            "submitted": 2.4156625270843506,
            "started": 2.416663646697998,
            "finished": 2.65482759475708
          }
        }
      ]
    ],
    [
      [
        12,
        null,
        0
      ],
      [
        0.008245232910147893,
        0.31421637535095215,
        {
          "__enum__": "StatusType.SUCCESS"
        },
        {
          "info": 0.008245232910147893,
          "timestamps": {
            "submitted": 2.6618316173553467,
            "started": 2.6618316173553467,
            "finished": 2.976047992706299
          }
        }
      ]
    ],
    [
      [
        13,
        null,
        0
      ],
      [
        0.013724578325647108,
        0.23516201972961426,
        {
          "__enum__": "StatusType.SUCCESS"
        },
        {
          "info": 0.013724578325647108,
          "timestamps": {
            "submitted": 2.9930598735809326,
            "started": 2.9930598735809326,
            "finished": 3.228221893310547
          }
        }
      ]
    ],
    [
      [
        14,
        null,
        0
      ],
      [
        0.02254442934124279,
        0.20113897323608398,
        {
          "__enum__": "StatusType.SUCCESS"
        },
        {
          "info": 0.02254442934124279,
          "timestamps": {
            "submitted": 3.235227108001709,
            "started": 3.235227108001709,
            "finished": 3.436366081237793
          }
        }
      ]
    ],
    [
      [
        15,
        null,
        0
      ],
      [
        0.01405019189608403,
        0.24416804313659668,
        {
          "__enum__": "StatusType.SUCCESS"
        },
        {
          "info": 0.01405019189608403,
          "timestamps": {
            "submitted": 3.4433701038360596,
            "started": 3.4433701038360596,
            "finished": 3.6875381469726562
          }
        }
      ]
    ],
    [
      [
        16,
        null,
        0
      ],
      [
        0.016773042945698924,
        0.25217413902282715,
        {
          "__enum__": "StatusType.SUCCESS"
        },
        {
          "info": 0.016773042945698924,
          "timestamps": {
            "submitted": 3.6945433616638184,
            "started": 3.6945433616638184,
            "finished": 3.9467175006866455
          }
        }
      ]
    ],
    [
      [
        17,
        null,
        0
      ],
      [
        0.00866212485440876,
        0.22515439987182617,
        {
          "__enum__": "StatusType.SUCCESS"
        },
        {
          "info": 0.00866212485440876,
          "timestamps": {
            "submitted": 3.9537222385406494,
            "started": 3.9537222385406494,
            "finished": 4.178876638412476
          }
        }
      ]
    ],
    [
      [
        18,
        null,
        0
      ],
      [
        0.012561914437756783,
        0.2271559238433838,
        {
          "__enum__": "StatusType.SUCCESS"
        },
        {
          "info": 0.012561914437756783,
          "timestamps": {
            "submitted": 4.185882329940796,
            "started": 4.185882329940796,
            "finished": 4.41303825378418
          }
        }
      ]
    ],
    [
      [
        19,
        null,
        0
      ],
      [
        0.3990502100963329,
        0.15410590171813965,
        {
          "__enum__": "StatusType.SUCCESS"
        },
        {
          "info": 0.3990502100963329,
          "timestamps": {
            "submitted": 4.420042991638184,
            "started": 4.420042991638184,
            "finished": 4.574148893356323
          }
        }
      ]
    ],
    [
      [
        20,
        null,
        0
      ],
      [
        0.00832476348313771,
        0.26418161392211914,
        {
          "__enum__": "StatusType.SUCCESS"
        },
        {
          "info": 0.00832476348313771,
          "timestamps": {
            "submitted": 4.5821545124053955,
            "started": 4.5821545124053955,
            "finished": 4.846336126327515
          }
        }
      ]
    ],
    [
      [
        21,
        null,
        0
      ],
      [
        0.009653945603015246,
        0.3272261619567871,
        {
          "__enum__": "StatusType.SUCCESS"
        },
        {
          "info": 0.009653945603015246,
          "timestamps": {
            "submitted": 4.854341268539429,
            "started": 4.854341268539429,
            "finished": 5.181567430496216
          }
        }
      ]
    ],
    [
      [
        22,
        null,
        0
      ],
      [
        0.008389331805400801,
        0.2992057800292969,
        {
          "__enum__": "StatusType.SUCCESS"
        },
        {
          "info": 0.008389331805400801,
          "timestamps": {
            "submitted": 5.189572811126709,
            "started": 5.189572811126709,
            "finished": 5.488778591156006
          }
        }
      ]
    ],
    [
      [
        23,
        null,
        0
      ],
      [
        0.008596603806756087,
        0.21715021133422852,
        {
          "__enum__": "StatusType.SUCCESS"
        },
        {
          "info": 0.008596603806756087,
          "timestamps": {
            "submitted": 5.641884088516235,
            "started": 5.641884088516235,
            "finished": 5.859034299850464
          }
        }
      ]
    ],
    [
      [
        24,
        null,
        0
      ],
      [
        0.009170779557908348,
        0.30420780181884766,
        {
          "__enum__": "StatusType.SUCCESS"
        },
        {
          "info": 0.009170779557908348,
          "timestamps": {
            "submitted": 6.016143321990967,
            "started": 6.016143321990967,
            "finished": 6.3203511238098145
          }
        }
      ]
    ],
    [
      [
        25,
        null,
        0
      ],
      [
        0.010029345256164168,
        0.2481706142425537,
        {
          "__enum__": "StatusType.SUCCESS"
        },
        {
          "info": 0.010029345256164168,
          "timestamps": {
            "submitted": 6.327357053756714,
            "started": 6.327357053756714,
            "finished": 6.575527667999268
          }
        }
      ]
    ],
    [
      [
        26,
        null,
        0
      ],
      [
        0.010737875971457811,
        0.2221536636352539,
        {
          "__enum__": "StatusType.SUCCESS"
        },
        {
          "info": 0.010737875971457811,
          "timestamps": {
            "submitted": 6.7226293087005615,
            "started": 6.7226293087005615,
            "finished": 6.944782972335815
          }
        }
      ]
    ],
    [
      [
        27,
        null,
        0
      ],
      [
        0.009149082048977797,
        0.37125611305236816,
        {
          "__enum__": "StatusType.SUCCESS"
        },
        {
          "info": 0.009149082048977797,
          "timestamps": {
            "submitted": 7.093884468078613,
            "started": 7.094886302947998,
            "finished": 7.466142416000366
          }
        }
      ]
    ]
  ],
  "config_origins": {
    "1": "Random",
    "2": "Random",
    "3": "Random",
    "4": "Random",
    "5": "Random",
    "6": "Random",
    "7": "Random",
    "8": "Random",
    "9": "Random",
    "10": "Random",
    "11": "Random",
    "12": "Random",
    "13": "Random",
    "14": "Random",
    "15": "Random",
    "16": "Random",
    "17": "Random",
    "18": "Random",
    "19": "Random",
    "20": "Random",
    "21": "Random",
    "22": "Random",
    "23": "Model based pick",
    "24": "Model based pick",
    "25": "Random",
    "26": "Model based pick",
    "27": "Model based pick"
  },
  "configs": {
    "1": {
      "bagging_fraction": 0.42045415968754385,
      "bagging_freq": 28,
      "feature_fraction": 0.04804360634481142,
      "lambda_l1": 0.011508190995820677,
      "lambda_l2": 0.03638778321552116,
      "max_bin": 44,
      "max_depth": 6,
      "min_data_in_leaf": 2,
      "min_gain_to_split": 0.14572894546695525,
      "num_leaves": 8
    },
    "2": {
      "bagging_fraction": 0.36974920946104817,
      "bagging_freq": 9,
      "feature_fraction": 0.7108816152261718,
      "lambda_l1": 0.9834379643734483,
      "lambda_l2": 0.2384409477787267,
      "max_bin": 50,
      "max_depth": 7,
      "min_data_in_leaf": 7,
      "min_gain_to_split": 0.06074842475697917,
      "num_leaves": 48
    },
    "3": {
      "bagging_fraction": 0.6175712617547996,
      "bagging_freq": 16,
      "feature_fraction": 0.6148086492461159,
      "lambda_l1": 0.4707766460501538,
      "lambda_l2": 0.9255422108143075,
      "max_bin": 33,
      "max_depth": 8,
      "min_data_in_leaf": 5,
      "min_gain_to_split": 0.5060073708215261,
      "num_leaves": 49
    },
    "4": {
      "bagging_fraction": 0.3752866472460734,
      "bagging_freq": 19,
      "feature_fraction": 0.3194893219507342,
      "lambda_l1": 0.6571174769658653,
      "lambda_l2": 0.5736062664334072,
      "max_bin": 26,
      "max_depth": 5,
      "min_data_in_leaf": 4,
      "min_gain_to_split": 0.8243762875027736,
      "num_leaves": 40
    },
    "5": {
      "bagging_fraction": 0.681699250740779,
      "bagging_freq": 4,
      "feature_fraction": 0.6776155494024134,
      "lambda_l1": 0.3827811844796578,
      "lambda_l2": 0.5834950575794121,
      "max_bin": 47,
      "max_depth": 7,
      "min_data_in_leaf": 8,
      "min_gain_to_split": 0.31429979846811895,
      "num_leaves": 33
    },
    "6": {
      "bagging_fraction": 0.7406893863624576,
      "bagging_freq": 43,
      "feature_fraction": 0.4222665367686703,
      "lambda_l1": 0.4113676926359876,
      "lambda_l2": 0.47863051238959176,
      "max_bin": 20,
      "max_depth": 4,
      "min_data_in_leaf": 3,
      "min_gain_to_split": 0.719396798846019,
      "num_leaves": 42
    },
    "7": {
      "bagging_fraction": 0.5128712326024005,
      "bagging_freq": 18,
      "feature_fraction": 0.01265474094301866,
      "lambda_l1": 0.43608429997139464,
      "lambda_l2": 0.36356784820173016,
      "max_bin": 5,
      "max_depth": 6,
      "min_data_in_leaf": 3,
      "min_gain_to_split": 0.3476083965752592,
      "num_leaves": 7
    },
    "8": {
      "bagging_fraction": 0.18539651595250173,
      "bagging_freq": 3,
      "feature_fraction": 0.21242151157140687,
      "lambda_l1": 0.4288742572716393,
      "lambda_l2": 0.5153926662954993,
      "max_bin": 24,
      "max_depth": 4,
      "min_data_in_leaf": 7,
      "min_gain_to_split": 0.3158502114440549,
      "num_leaves": 27
    },
    "9": {
      "bagging_fraction": 0.19208389634704182,
      "bagging_freq": 47,
      "feature_fraction": 0.8683236944019941,
      "lambda_l1": 0.2128917861383951,
      "lambda_l2": 0.8924384102101263,
      "max_bin": 36,
      "max_depth": 7,
      "min_data_in_leaf": 3,
      "min_gain_to_split": 0.5931320908234342,
      "num_leaves": 26
    },
    "10": {
      "bagging_fraction": 0.8268236595170402,
      "bagging_freq": 30,
      "feature_fraction": 0.3136139293547592,
      "lambda_l1": 0.4662762523857137,
      "lambda_l2": 0.5610608768388406,
      "max_bin": 46,
      "max_depth": 8,
      "min_data_in_leaf": 6,
      "min_gain_to_split": 0.35860587523556087,
      "num_leaves": 5
    },
    "11": {
      "bagging_fraction": 0.812470167331515,
      "bagging_freq": 0,
      "feature_fraction": 0.42210987258967547,
      "lambda_l1": 0.7502975454495523,
      "lambda_l2": 0.2469621304480385,
      "max_bin": 47,
      "max_depth": 3,
      "min_data_in_leaf": 4,
      "min_gain_to_split": 0.25951314668495906,
      "num_leaves": 35
    },
    "12": {
      "bagging_fraction": 0.5221964576678133,
      "bagging_freq": 32,
      "feature_fraction": 0.4323693493328302,
      "lambda_l1": 0.08234306849742157,
      "lambda_l2": 0.21855541328389638,
      "max_bin": 42,
      "max_depth": 5,
      "min_data_in_leaf": 6,
      "min_gain_to_split": 0.043721157163645885,
      "num_leaves": 30
    },
    "13": {
      "bagging_fraction": 0.7351178328195224,
      "bagging_freq": 19,
      "feature_fraction": 0.615010401314455,
      "lambda_l1": 0.6132910664571987,
      "lambda_l2": 0.03930714284673886,
      "max_bin": 37,
      "max_depth": 7,
      "min_data_in_leaf": 4,
      "min_gain_to_split": 0.990798774417475,
      "num_leaves": 27
    },
    "14": {
      "bagging_fraction": 0.20359613355732276,
      "bagging_freq": 26,
      "feature_fraction": 0.7291078127937096,
      "lambda_l1": 0.6722079890237953,
      "lambda_l2": 0.015379285802405107,
      "max_bin": 37,
      "max_depth": 6,
      "min_data_in_leaf": 7,
      "min_gain_to_split": 0.45118957988474817,
      "num_leaves": 44
    },
    "15": {
      "bagging_fraction": 0.7349813018214643,
      "bagging_freq": 45,
      "feature_fraction": 0.8045672420837497,
      "lambda_l1": 0.8500936293260707,
      "lambda_l2": 0.223540217650808,
      "max_bin": 24,
      "max_depth": 3,
      "min_data_in_leaf": 3,
      "min_gain_to_split": 0.9382601957387564,
      "num_leaves": 30
    },
    "16": {
      "bagging_fraction": 0.3268589923675901,
      "bagging_freq": 33,
      "feature_fraction": 0.7676950985382244,
      "lambda_l1": 0.28254786962592904,
      "lambda_l2": 0.4586347226429478,
      "max_bin": 29,
      "max_depth": 5,
      "min_data_in_leaf": 1,
      "min_gain_to_split": 0.9218045327464482,
      "num_leaves": 44
    },
    "17": {
      "bagging_fraction": 0.5561303049668702,
      "bagging_freq": 2,
      "feature_fraction": 0.46770498269206484,
      "lambda_l1": 0.034838973635962334,
      "lambda_l2": 0.3589195480701556,
      "max_bin": 13,
      "max_depth": 3,
      "min_data_in_leaf": 5,
      "min_gain_to_split": 0.862093072441366,
      "num_leaves": 8
    },
    "18": {
      "bagging_fraction": 0.5259421163684452,
      "bagging_freq": 22,
      "feature_fraction": 0.5477610447929158,
      "lambda_l1": 0.733084848725127,
      "lambda_l2": 0.6363609173338329,
      "max_bin": 23,
      "max_depth": 3,
      "min_data_in_leaf": 8,
      "min_gain_to_split": 0.5738019858622962,
      "num_leaves": 30
    },
    "19": {
      "bagging_fraction": 0.019426067294427862,
      "bagging_freq": 25,
      "feature_fraction": 0.8336082467395807,
      "lambda_l1": 0.7088525287744964,
      "lambda_l2": 0.09927110024662389,
      "max_bin": 16,
      "max_depth": 3,
      "min_data_in_leaf": 2,
      "min_gain_to_split": 0.8456707638308913,
      "num_leaves": 12
    },
    "20": {
      "bagging_fraction": 0.3157693873848698,
      "bagging_freq": 6,
      "feature_fraction": 0.3698716426995836,
      "lambda_l1": 0.23358351192622295,
      "lambda_l2": 0.8453179928918076,
      "max_bin": 13,
      "max_depth": 5,
      "min_data_in_leaf": 5,
      "min_gain_to_split": 0.15343580807149304,
      "num_leaves": 32
    },
    "21": {
      "bagging_fraction": 0.7276550330946796,
      "bagging_freq": 23,
      "feature_fraction": 0.8152089217674414,
      "lambda_l1": 0.3702265546411513,
      "lambda_l2": 0.566411614477072,
      "max_bin": 35,
      "max_depth": 5,
      "min_data_in_leaf": 3,
      "min_gain_to_split": 0.2233506091900207,
      "num_leaves": 30
    },
    "22": {
      "bagging_fraction": 0.9561857401338372,
      "bagging_freq": 42,
      "feature_fraction": 0.5472659392968982,
      "lambda_l1": 0.7772583339374638,
      "lambda_l2": 0.18060078203700425,
      "max_bin": 44,
      "max_depth": 6,
      "min_data_in_leaf": 6,
      "min_gain_to_split": 0.04751449031963739,
      "num_leaves": 28
    },
    "23": {
      "bagging_fraction": 0.997679640657934,
      "bagging_freq": 49,
      "feature_fraction": 0.2981714172013465,
      "lambda_l1": 0.9902927460837132,
      "lambda_l2": 0.25325956280213147,
      "max_bin": 48,
      "max_depth": 5,
      "min_data_in_leaf": 7,
      "min_gain_to_split": 0.34831928449719846,
      "num_leaves": 8
    },
    "24": {
      "bagging_fraction": 0.538144518583711,
      "bagging_freq": 28,
      "feature_fraction": 0.4098081532856697,
      "lambda_l1": 0.15005055635746467,
      "lambda_l2": 0.8926662414543389,
      "max_bin": 48,
      "max_depth": 8,
      "min_data_in_leaf": 8,
      "min_gain_to_split": 0.03199592276073443,
      "num_leaves": 23
    },
    "25": {
      "bagging_fraction": 0.912550310543259,
      "bagging_freq": 16,
      "feature_fraction": 0.2292954012763727,
      "lambda_l1": 0.5553538670563755,
      "lambda_l2": 0.6954226068068925,
      "max_bin": 18,
      "max_depth": 7,
      "min_data_in_leaf": 2,
      "min_gain_to_split": 0.4902484536354952,
      "num_leaves": 42
    },
    "26": {
      "bagging_fraction": 0.8687110638373694,
      "bagging_freq": 7,
      "feature_fraction": 0.07238354487258869,
      "lambda_l1": 0.4852022988116733,
      "lambda_l2": 0.877157570258806,
      "max_bin": 9,
      "max_depth": 8,
      "min_data_in_leaf": 7,
      "min_gain_to_split": 0.3118251474928067,
      "num_leaves": 48
    },
    "27": {
      "bagging_fraction": 0.6756751989519653,
      "bagging_freq": 23,
      "feature_fraction": 0.7890066203906467,
      "lambda_l1": 0.46431003178099994,
      "lambda_l2": 0.47608058729226016,
      "max_bin": 29,
      "max_depth": 5,
      "min_data_in_leaf": 5,
      "min_gain_to_split": 0.025835260680906247,
      "num_leaves": 28
    }
  }
}